,,Accuracy,Precision,Recall,F1-Score
TFIDF,Random Forest,0.5508660648938766,0.5225292194513499,0.5508660648938766,0.5280132778214573
TFIDF,Neural Network,0.5584288850939253,0.5549311096904145,0.5584288850939253,0.5562404671106288
BOW,Random Forest,0.5325689192485972,0.5123557214559182,0.5325689192485972,0.513959274575906
BOW,Neural Network,0.5669675530617224,0.5607243549475348,0.5669675530617224,0.5616575313084653
SpaCy,Random Forest,0.5120761161258843,0.5026891584267423,0.5120761161258843,0.5056429797668351
SpaCy,Neural Network,0.5640400097584777,0.5762773687062712,0.5640400097584777,0.5685427926439484
